source:pkey,addr:province,addr:city,operator,addr:full,addr:street,addr:housenumber,addr:postcode,source,amenity,addr_full,gcode
A-14-F,Alicante,Albatera,"Maria Jose Balmaseda Del Alamo, Arturo Corbacho Vicent","Carretera de HONDON. EDIF.ROMEO, S/N, 03340",Carretera de HONDON. EDIF.ROMEO, , 03340,Opendata Generalitat Valenciana,pharmacy,"Carretera de HONDON. EDIF.ROMEO, Albatera, Alicante",
A-122-F,Alicante,Alcoi / Alcoy,"Inés Llopis Boluda, Maria José Llopis Boluda","Carrer de Na Saurina d’Entença, 45, 03803",Carrer de Na Saurina d’Entença, 45, 03803,Opendata Generalitat Valenciana,pharmacy,"Carrer de Na Saurina d’Entença, Alcoi / Alcoy, Alicante",
A-229-F,Alicante,Alcoi / Alcoy,Miguel Domenech Lloret,"Avinguda de Alameda de Camilo Sesto, 53, 03803",Avinguda de Alameda de Camilo Sesto, 53, 03803,Opendata Generalitat Valenciana,pharmacy,"Avinguda de Alameda de Camilo Sesto, Alcoi / Alcoy, Alicante",
A-231-F,Alicante,Alcoi / Alcoy,María Carmen Azorín Navarro,"Avinguda de Juan Gil - Albert, 13, 03804",Avinguda de Juan Gil - Albert, 13, 03804,Opendata Generalitat Valenciana,pharmacy,"Avinguda de Juan Gil - Albert, Alcoi / Alcoy, Alicante",
A-338-F,Alicante,Alcoi / Alcoy,"Juan Antonio Lopez Cobelo, Carlos Lopez Cobelo","Carrer de Lluis Braille, 17, 03802",Carrer de Lluis Braille, 17, 03802,Opendata Generalitat Valenciana,pharmacy,"Carrer de Lluis Braille, Alcoi / Alcoy, Alicante",
A-353-F,Alicante,Alcoi / Alcoy,Verónica Sempere Matarredona,"Avinguda de Juan Gil - Albert, 18, 03804",Avinguda de Juan Gil - Albert, 18, 03804,Opendata Generalitat Valenciana,pharmacy,"Avinguda de Juan Gil - Albert, Alcoi / Alcoy, Alicante",
A-727-F,Alicante,L'Alfàs Del Pi,Manuel Carlos Reche Moreno,"Carrer de Poeta Miguel Hernandez, 1, 03580",Carrer de Poeta Miguel Hernandez, 1, 03580,Opendata Generalitat Valenciana,pharmacy,"Carrer de Poeta Miguel Hernandez, L'Alfàs Del Pi, Alicante",
A-354-F,Alicante,Alacant / Alicante,Raimunda López Sánchez,"Carrer de Presbitero B. Carrasco, 34, 03005",Carrer de Presbitero B. Carrasco, 34, 03005,Opendata Generalitat Valenciana,pharmacy,"Carrer de Presbitero B. Carrasco, Alacant / Alicante, Alicante",
A-35-F,Alicante,Alacant / Alicante,Mª Francisca Montoliu Blasco,"Carrer de Adolfo MuÃ±oz Alonso, 12, 03005",Carrer de Adolfo MuÃ±oz Alonso, 12, 03005,Opendata Generalitat Valenciana,pharmacy,"Carrer de Adolfo MuÃ±oz Alonso, Alacant / Alicante, Alicante",
A-368-F,Alicante,Alacant / Alicante,Fernando Cabrera Torres,"Carrer de Periodista Fco.Bas Mingot, 71, 03015",Carrer de Periodista Fco.Bas Mingot, 71, 03015,Opendata Generalitat Valenciana,pharmacy,"Carrer de Periodista Fco.Bas Mingot, Alacant / Alicante, Alicante",
A-385-F,Alicante,Alacant / Alicante,Purificacion Ruiz Megias,"Carrer de General Millan Astray, 58, 03008",Carrer de General Millan Astray, 58, 03008,Opendata Generalitat Valenciana,pharmacy,"Carrer de General Millan Astray, Alacant / Alicante, Alicante",
A-387-F,Alicante,Alacant / Alicante,Maria Luisa Molto Calabuig,"Carrer de SOCIEDAD CULTURAL Y DEPORTIVA BETIS-FLORIDA, 15, 03007",Carrer de SOCIEDAD CULTURAL Y DEPORTIVA BETIS-FLORIDA, 15, 03007,Opendata Generalitat Valenciana,pharmacy,"Carrer de SOCIEDAD CULTURAL Y DEPORTIVA BETIS-FLORIDA, Alacant / Alicante, Alicante",
A-41-F,Alicante,Alacant / Alicante,Pilar Trives Prada,"Carrer de Angel Celdran Carratala, 2, 03006",Carrer de Angel Celdran Carratala, 2, 03006,Opendata Generalitat Valenciana,pharmacy,"Carrer de Angel Celdran Carratala, Alacant / Alicante, Alicante",
A-448-F,Alicante,Alacant / Alicante,Ana Giner Montoyo,"Carrer de Francisco Carratala Cern., 23, 03010",Carrer de Francisco Carratala Cern., 23, 03010,Opendata Generalitat Valenciana,pharmacy,"Carrer de Francisco Carratala Cern., Alacant / Alicante, Alicante",
A-478-F,Alicante,Alacant / Alicante,Virtudes Ruiz Ortuño,"Carrer de Hermanos Doctores Server Cerda, 2, 03015",Carrer de Hermanos Doctores Server Cerda, 2, 03015,Opendata Generalitat Valenciana,pharmacy,"Carrer de Hermanos Doctores Server Cerda, Alacant / Alicante, Alicante",
A-657-F,Alicante,Alacant / Alicante,Matias Mendez Hernandez,"Carrer de Dr. Jose Luis de la Vega, 2, 03012",Carrer de Dr. Jose Luis de la Vega, 2, 03012,Opendata Generalitat Valenciana,pharmacy,"Carrer de Dr. Jose Luis de la Vega, Alacant / Alicante, Alicante",
A-99-F,Alicante,Alacant / Alicante,Mª Dolores Perez Carrion,"Carrer de Hermanos Soto Chapuli, 2, 03010",Carrer de Hermanos Soto Chapuli, 2, 03010,Opendata Generalitat Valenciana,pharmacy,"Carrer de Hermanos Soto Chapuli, Alacant / Alicante, Alicante",
A-498-F,Alicante,Almoradí,Alfonso Carmelo Soriano Cano,"Carrer de Nuestra SeÃ±ora de Monserrate, 34, 03160",Carrer de Nuestra SeÃ±ora de Monserrate, 34, 03160,Opendata Generalitat Valenciana,pharmacy,"Carrer de Nuestra SeÃ±ora de Monserrate, Almoradí, Alicante",
A-810-F,Alicante,Almoradí,Miriam Clemente Perez,"Avinguda de Doctor MaraÃ±on, 14, 03160",Avinguda de Doctor MaraÃ±on, 14, 03160,Opendata Generalitat Valenciana,pharmacy,"Avinguda de Doctor MaraÃ±on, Almoradí, Alicante",
A-650-F,Alicante,Almudaina,Rafael Francisco Perez Perez,"Carrer de San Bertomeu, 23, 03016",Carrer de San Bertomeu, 23, 03016,Opendata Generalitat Valenciana,pharmacy,"Carrer de San Bertomeu, Almudaina, Alicante",
A-256-F,Alicante,Altea,"Ana Berenguer Lerma, Angeles Lerma Perez","Carrer de Costera Pont del Montcau, 1, 03590",Carrer de Costera Pont del Montcau, 1, 03590,Opendata Generalitat Valenciana,pharmacy,"Carrer de Costera Pont del Montcau, Altea, Alicante",
A-402-F,Alicante,Aspe,Javier Diez Canicio,"Carrer de Jaime i el Conquistador, 33, 03680",Carrer de Jaime i el Conquistador, 33, 03680,Opendata Generalitat Valenciana,pharmacy,"Carrer de Jaime i el Conquistador, Aspe, Alicante",
A-427-F,Alicante,Aspe,Adolfo Otero Coves,"Carrer de IsaaCarrer de Albeniz, 2, 03680",Carrer de IsaaCarrer de Albeniz, 2, 03680,Opendata Generalitat Valenciana,pharmacy,"Carrer de IsaaCarrer de Albeniz, Aspe, Alicante",
A-820-F,Alicante,Benejúzar,Alicia Campos Gil,"Avinguda de Estocolmo, 2, 03503",Avinguda de Estocolmo, 2, 03503,Opendata Generalitat Valenciana,pharmacy,"Avinguda de Estocolmo, Benejúzar, Alicante",
A-507-F,Alicante,Benidoleig,Mariana Salva Ruiz,"Carrer de DINAMARCA ED. SARG VELL, , 03502",Carrer de DINAMARCA ED. SARG VELL, , 03502,Opendata Generalitat Valenciana,pharmacy,"Carrer de DINAMARCA ED. SARG VELL, Benidoleig, Alicante",
A-319-F,Alicante,Benidorm,Maria Gracia Martinez Carcel,"DEL MEDITERRANEO (ED. COBLANCA NÂº 41), , 03503",DEL MEDITERRANEO (ED. COBLANCA NÂº 41), , 03503,Opendata Generalitat Valenciana,pharmacy,"DEL MEDITERRANEO (ED. COBLANCA NÂº 41), Benidorm, Alicante",
A-361-F,Alicante,Benidorm,"Patricia Crespo Soria, Josefa Soria Bayona","Carrer de NORUEGA. EDIF. GEMELOS 8, S/N, 03502",Carrer de NORUEGA. EDIF. GEMELOS 8, , 03502,Opendata Generalitat Valenciana,pharmacy,"Carrer de NORUEGA. EDIF. GEMELOS 8, Benidorm, Alicante",
A-637-F,Alicante,Benidorm,Jose Antonio Morcuende Lancho,"Carrer de Darrere Cases, S/N, 03827",Carrer de Darrere Cases, , 03827,Opendata Generalitat Valenciana,pharmacy,"Carrer de Darrere Cases, Benidorm, Alicante",
A-674-F,Alicante,Benidorm,Vicente Perez Ortuño,"Carrer de Pare Andres Ivars, 1, 03720",Carrer de Pare Andres Ivars, 1, 03720,Opendata Generalitat Valenciana,pharmacy,"Carrer de Pare Andres Ivars, Benidorm, Alicante",
A-683-F,Alicante,Benidorm,Jorge Crespo Soria,"Urbanització CUMBRES DEL SOL. PARCarrer de A.1, , 03726",Urbanització CUMBRES DEL SOL. PARCarrer de A.1, , 03726,Opendata Generalitat Valenciana,pharmacy,"Urbanització CUMBRES DEL SOL. PARCarrer de A.1, Benidorm, Alicante",
A-690-F,Alicante,Benidorm,"Jorge Martinez De La Camara Fluvia, Carlos Martinez De La Camara Fluvia","Carrer de Aureliano Diaz, 24, 03380",Carrer de Aureliano Diaz, 24, 03380,Opendata Generalitat Valenciana,pharmacy,"Carrer de Aureliano Diaz, Benidorm, Alicante",
A-714-F,Alicante,Benidorm,Blanca Ochoa Hijona,"Carrer de Medico Antonio Simon, ED.PARIS, 03360",Carrer de Medico Antonio Simon, ED.PARIS, 03360,Opendata Generalitat Valenciana,pharmacy,"Carrer de Medico Antonio Simon, Benidorm, Alicante",
A-487-F,Alicante,Benilloba,Desamparados Domingo Tortajada,"Carrer de Conde de Altea, 32, 03710",Carrer de Conde de Altea, 32, 03710,Opendata Generalitat Valenciana,pharmacy,"Carrer de Conde de Altea, Benilloba, Alicante",
A-541-F,Alicante,Benimeli,Maria Del Rebollet Martinez Melis,"Partida de Tosal, el, 2J, 03710",Partida de Tosal, el," 2J, 03710",Opendata Generalitat Valenciana,pharmacy,"Partida de Tosal, Benimeli, Alicante",
A-625-F,Alicante,Benissa,Carmen Villanueva Albanell,"Plaça de Marti Gadea, 2, 03812",Plaça de Marti Gadea, 2, 03812,Opendata Generalitat Valenciana,pharmacy,"Plaça de Marti Gadea, Benissa, Alicante",
A-619-F,Alicante,El Poble Nou De Benitatxell / Benitachell,Alejandro Gil Garcia,"Carrer de Ramon y Cajal, 14, 03460",Carrer de Ramon y Cajal, 14, 03460,Opendata Generalitat Valenciana,pharmacy,"Carrer de Ramon y Cajal, El Poble Nou De Benitatxell / Benitachell, Alicante",
A-163-F,Alicante,Biar,"Ana Andres Gonzalez, Luisa Maria Escriva Fernandez","Carrer de Cayetano Durendez, 1, 03390",Carrer de Cayetano Durendez, 1, 03390,Opendata Generalitat Valenciana,pharmacy,"Carrer de Cayetano Durendez, Biar, Alicante",
A-454-F,Alicante,Callosa De Segura,Rocio Cayuelas Sanchis,"Carrer de Tomas Ortu?o, 71, 03501",Carrer de Tomas Ortu?o, 71, 03501,Opendata Generalitat Valenciana,pharmacy,"Carrer de Tomas Ortu?o, Callosa De Segura, Alicante",
A-201-F,Alicante,Callosa D'En Sarrià,Maria Jesus Savall Perez,"Avinguda de Vila Joiosa, 4, 03502",Avinguda de Vila Joiosa, 4, 03502,Opendata Generalitat Valenciana,pharmacy,"Avinguda de Vila Joiosa, Callosa D'En Sarrià, Alicante",
A-665-F,Alicante,Calp,"Carlos Casado Buigues, Maria Del Carmen Buigues Ferrer","Avinguda de JAIME I. EDF.ROCA BLANCA, 38, 03500",Avinguda de JAIME I. EDF.ROCA BLANCA, 38, 03500,Opendata Generalitat Valenciana,pharmacy,"Avinguda de JAIME I. EDF.ROCA BLANCA, Calp, Alicante",
A-16-F,Alicante,El Campello,Jose Ignacio Cosin Ochaita,"URBANIZ. MISTRAL 7. BLOQ.A, 10, , 03560",URBANIZ. MISTRAL 7. BLOQ.A, 10," , 03560",Opendata Generalitat Valenciana,pharmacy,"URBANIZ. MISTRAL 7. BLOQ.A, El Campello, Alicante",
A-208-F,Alicante,Castalla,Eva Maria Alonso Perez,"Carrer de Travessera dels Quatre Camins, 12, 03420",Carrer de Travessera dels Quatre Camins, 12, 03420,Opendata Generalitat Valenciana,pharmacy,"Carrer de Travessera dels Quatre Camins, Castalla, Alicante",
A-301-F,Alicante,El Castell De Guadalest,Amalia Castaño Lopez,"Carretera de CALLOSA ENSARRIA, 3, 03517",Carretera de CALLOSA ENSARRIA, 3, 03517,Opendata Generalitat Valenciana,pharmacy,"Carretera de CALLOSA ENSARRIA, El Castell De Guadalest, Alicante",
A-504-F,Alicante,Crevillent,Juan José Sanchez Martín,"Carrer de Rei en Jaume I, 9, 03330",Carrer de Rei en Jaume I, 9, 03330,Opendata Generalitat Valenciana,pharmacy,"Carrer de Rei en Jaume I, Crevillent, Alicante",
A-310-F,Alicante,Daya Nueva,"Javier Zaragoza Santamaria, Meritxell Zaragoza Santamaria, Jorge Zaragoza Dolz","Carrer de Cardenal Tarancon, 3, 03330",Carrer de Cardenal Tarancon, 3, 03330,Opendata Generalitat Valenciana,pharmacy,"Carrer de Cardenal Tarancon, Daya Nueva, Alicante",
A-497-F,Alicante,Dénia,Fernando Miralles Mas,"Carretera de LAS MARINAS.ED.GOLDENPARK, , 03700",Carretera de LAS MARINAS.ED.GOLDENPARK, , 03700,Opendata Generalitat Valenciana,pharmacy,"Carretera de LAS MARINAS.ED.GOLDENPARK, Dénia, Alicante",
A-560-F,Alicante,Dénia,Rosa Maria Prats Mas,"Carrer de Marquesa Valero de Palma, 6, 03700",Carrer de Marquesa Valero de Palma, 6, 03700,Opendata Generalitat Valenciana,pharmacy,"Carrer de Marquesa Valero de Palma, Dénia, Alicante",
A-569-F,Alicante,Dénia,Salvadora Sivera Signes,"Carretera de Provincial del Barranco del Monyo a les Arenetes, 61, 03700",Carretera de Provincial del Barranco del Monyo a les Arenetes, 61, 03700,Opendata Generalitat Valenciana,pharmacy,"Carretera de Provincial del Barranco del Monyo a les Arenetes, Dénia, Alicante",
A-623-F,Alicante,Dénia,Ines Roig Sanchez,"PART.BOVETES.Carrer de ""BRISAS"", 4, 03700","PART.BOVETES.Carrer de ""BRISAS""", 4, 03700,Opendata Generalitat Valenciana,pharmacy,"PART.BOVETES.Carrer de ""BRISAS"", Dénia, Alicante",
A-377-F,Alicante,Elx / Elche,Maria Dolores Galache Paya,"Carrer de Obispo Winibal, 25, 03202",Carrer de Obispo Winibal, 25, 03202,Opendata Generalitat Valenciana,pharmacy,"Carrer de Obispo Winibal, Elx / Elche, Alicante",
A-47-F,Alicante,Elx / Elche,Concepcion Quesada Garcia,"Carrer de EMILIO SALA HERNÃNDEZ, 16, 03205",Carrer de EMILIO SALA HERNÃNDEZ, 16, 03205,Opendata Generalitat Valenciana,pharmacy,"Carrer de EMILIO SALA HERNÃNDEZ, Elx / Elche, Alicante",
A-515-F,Alicante,Elx / Elche,Isaura Furelos Gaiteiro,"PLAZA PRIMAVERA (PARTIDA RURAL LAS BAYAS), 5, 03292",PLAZA PRIMAVERA (PARTIDA RURAL LAS BAYAS), 5, 03292,Opendata Generalitat Valenciana,pharmacy,"PLAZA PRIMAVERA (PARTIDA RURAL LAS BAYAS), Elx / Elche, Alicante",
A-611-F,Alicante,Elx / Elche,Concepcion Puchades Nacher,"LUGAR Valverde Bajo Poligono 2, 2, 03139",LUGAR Valverde Bajo Poligono 2, 2, 03139,Opendata Generalitat Valenciana,pharmacy,"LUGAR Valverde Bajo Poligono 2, Elx / Elche, Alicante",
A-649-F,Alicante,Elx / Elche,Francisco Mas Perez,"AEROPUERTO ""EL ALTET"" NUEVA TERMINAL. PLANTA LLEGADAS 1.1, , 03201","AEROPUERTO ""EL ALTET"" NUEVA TERMINAL. PLANTA LLEGADAS 1.1", , 03201,Opendata Generalitat Valenciana,pharmacy,"AEROPUERTO ""EL ALTET"" NUEVA TERMINAL. PLANTA LLEGADAS 1.1, Elx / Elche, Alicante",
A-745-F,Alicante,Elda,"Felipe Herencia Salabert, Maria Teresa Salabert Salvador","Avinguda de CAMILO JOSE CELA, 74, 03600",Avinguda de CAMILO JOSE CELA, 74, 03600,Opendata Generalitat Valenciana,pharmacy,"Avinguda de CAMILO JOSE CELA, Elda, Alicante",
A-800-F,Alicante,Elda,Angela Josefa Perez Aznar,"Carrer de Jaime Balmes, 18, 03600",Carrer de Jaime Balmes, 18, 03600,Opendata Generalitat Valenciana,pharmacy,"Carrer de Jaime Balmes, Elda, Alicante",
A-548-F,Alicante,Gaianes,Leonor Frances Reig,"Avinguda de VIRGEN DE LA LUZ, 47, 03840",Avinguda de VIRGEN DE LA LUZ, 47, 03840,Opendata Generalitat Valenciana,pharmacy,"Avinguda de VIRGEN DE LA LUZ, Gaianes, Alicante",
A-102-F,Alicante,Gata De Gorgos,Joan Tormo Soler,"Carrer de Pare Mulet (del), 8, 03740",Carrer de Pare Mulet (del), 8, 03740,Opendata Generalitat Valenciana,pharmacy,"Carrer de Pare Mulet (del), Gata De Gorgos, Alicante",
A-589-F,Alicante,Ibi,Maria Inmaculada Jimenez Moreno,"Carrer de Metge Antonio Anguiz, 2, 03440",Carrer de Metge Antonio Anguiz, 2, 03440,Opendata Generalitat Valenciana,pharmacy,"Carrer de Metge Antonio Anguiz, Ibi, Alicante",
A-764-F,Alicante,Xàbia / Jávea,Antonio V. Almodovar Morell,"PLAZA JOANOT MARTORELL, 5, 03730",PLAZA JOANOT MARTORELL, 5, 03730,Opendata Generalitat Valenciana,pharmacy,"PLAZA JOANOT MARTORELL, Xàbia / Jávea, Alicante",
A-776-F,Alicante,Xàbia / Jávea,Ana Maria Lillo Garcia,"Carrer de ANTONIO BAÃ‘ULS ESQ. Carrer de RAMON LLIDO, , 03730",Carrer de ANTONIO BAÃ‘ULS ESQ. Carrer de RAMON LLIDO, , 03730,Opendata Generalitat Valenciana,pharmacy,"Carrer de ANTONIO BAÃ‘ULS ESQ. Carrer de RAMON LLIDO, Xàbia / Jávea, Alicante",
A-509-F,Alicante,L’Orxa / Lorcha,Maria Grisela Giner Montoro,"Carrer de Reis Catolics, 2, 03860",Carrer de Reis Catolics, 2, 03860,Opendata Generalitat Valenciana,pharmacy,"Carrer de Reis Catolics, L’Orxa / Lorcha, Alicante",
A-5-F,Alicante,Monforte Del Cid,Jesus Juana Roa,"Avinguda de CASTRO RICHART FUERTES, 12, 03670",Avinguda de CASTRO RICHART FUERTES, 12, 03670,Opendata Generalitat Valenciana,pharmacy,"Avinguda de CASTRO RICHART FUERTES, Monforte Del Cid, Alicante",
A-148-F,Alicante,Monòver / Monóvar,"Juan Maestre Amer, Mª Del Carmen Franco Gimenez, Juan Gomez-Rivas Maestre","Carrer de Carlos Tortosa Juan, 4, 03640",Carrer de Carlos Tortosa Juan, 4, 03640,Opendata Generalitat Valenciana,pharmacy,"Carrer de Carlos Tortosa Juan, Monòver / Monóvar, Alicante",
A-534-F,Alicante,Murla,Vicente Tomas Sabater,"Carrer de Padre Sirera, 12, 03792",Carrer de Padre Sirera, 12, 03792,Opendata Generalitat Valenciana,pharmacy,"Carrer de Padre Sirera, Murla, Alicante",
A-579-F,Alicante,La Nucia,Antonio J. Gasent Vallalta,"Carrer de ALADROCarrer de (URBAN. HOLIDAY CLUB), 1, 03530",Carrer de ALADROCarrer de (URBAN. HOLIDAY CLUB), 1, 03530,Opendata Generalitat Valenciana,pharmacy,"Carrer de ALADROCarrer de (URBAN. HOLIDAY CLUB), La Nucia, Alicante",
A-825-F,Alicante,La Nucia,Estrella Romero Escandell,"Urbanització PINAR DE GARAITA, 4, 03530",Urbanització PINAR DE GARAITA, 4, 03530,Opendata Generalitat Valenciana,pharmacy,"Urbanització PINAR DE GARAITA, La Nucia, Alicante",
A-336-F,Alicante,Orihuela,Angel Bonmati Gomez,"Carrer de ORIHUELA-BARRIO NUEVO (LA CAMPANETA), 22, 03314",Carrer de ORIHUELA-BARRIO NUEVO (LA CAMPANETA), 22, 03314,Opendata Generalitat Valenciana,pharmacy,"Carrer de ORIHUELA-BARRIO NUEVO (LA CAMPANETA), Orihuela, Alicante",
A-378-F,Alicante,Orihuela,Pedro Garcia Armero,"MARQUES LACY. ESQ.Carrer deJUAN XXIII, , 03315",MARQUES LACY. ESQ.Carrer deJUAN XXIII, , 03315,Opendata Generalitat Valenciana,pharmacy,"MARQUES LACY. ESQ.Carrer deJUAN XXIII, Orihuela, Alicante",
A-410-F,Alicante,Orihuela,Carmen Ortiz Balaguer,"Carrer de Amalia OrtuÃ±o, 9, 03312",Carrer de Amalia OrtuÃ±o, 9, 03312,Opendata Generalitat Valenciana,pharmacy,"Carrer de Amalia OrtuÃ±o, Orihuela, Alicante",
A-508-F,Alicante,Orihuela,Margarita Gonzalez Vicente,"Avinguda de Adelfas (Las)-Campoamor, PAR.CC-1B, 03189",Avinguda de Adelfas (Las)-Campoamor, PAR.CC-1B, 03189,Opendata Generalitat Valenciana,pharmacy,"Avinguda de Adelfas (Las)-Campoamor, Orihuela, Alicante",
A-61-F,Alicante,Orihuela,Pilar Bañon Arnao,"Avinguda de PLAYA.EDIF. MADRID, BAJO, , 03189",Avinguda de PLAYA.EDIF. MADRID, BAJO," , 03189",Opendata Generalitat Valenciana,pharmacy,"Avinguda de PLAYA.EDIF. MADRID, Orihuela, Alicante",
A-53-F,Alicante,Pedreguer,Herminia Infantes Costa,"Plaça de Doctor Calatayud, 15, 03750",Plaça de Doctor Calatayud, 15, 03750,Opendata Generalitat Valenciana,pharmacy,"Plaça de Doctor Calatayud, Pedreguer, Alicante",
A-557-F,Alicante,Petrer,"Carlos Milla Poveda, Carlos Milla Bernabe","DAMASO NAVARRO ESQUINA SOCIEDAD UNIÃ“N MUSICAL, , 03610",DAMASO NAVARRO ESQUINA SOCIEDAD UNIÃ“N MUSICAL, , 03610,Opendata Generalitat Valenciana,pharmacy,"DAMASO NAVARRO ESQUINA SOCIEDAD UNIÃ“N MUSICAL, Petrer, Alicante",
A-587-F,Alicante,Pilar De La Horadada,Teresa Aparicio Cegarra,"Avinguda de DEL PINO S/N.URB.CAMPOVERDE, , 03190",Avinguda de DEL PINO S/N.URB.CAMPOVERDE, , 03190,Opendata Generalitat Valenciana,pharmacy,"Avinguda de DEL PINO S/N.URB.CAMPOVERDE, Pilar De La Horadada, Alicante",
A-804-F,Alicante,Pilar De La Horadada,Mª Del Mar Lorenzo Bañon,"Carrer de ALHELI (TORRE DE LA HORADADA), 21, 03190",Carrer de ALHELI (TORRE DE LA HORADADA), 21, 03190,Opendata Generalitat Valenciana,pharmacy,"Carrer de ALHELI (TORRE DE LA HORADADA), Pilar De La Horadada, Alicante",
A-106-F,Alicante,El Pinós / Pinoso,"Horacio Jorge Pacheco, Araceli Perez Perez","Carrer de Ramon y Cajal, 4, 03650",Carrer de Ramon y Cajal, 4, 03650,Opendata Generalitat Valenciana,pharmacy,"Carrer de Ramon y Cajal, El Pinós / Pinoso, Alicante",
A-192-F,Alicante,El Ràfol D’Almúnia,Mª Vicenta Catala Gadea,"Carrer de Mayor, 2, 03769",Carrer de Mayor, 2, 03769,Opendata Generalitat Valenciana,pharmacy,"Carrer de Mayor, El Ràfol D’Almúnia, Alicante",
A-243-F,Alicante,La Romana,Maria Del Carmen Aguilera Garcia,"Carrer de MusiCarrer de Jose Mira Pepin, 14, 03669",Carrer de MusiCarrer de Jose Mira Pepin, 14, 03669,Opendata Generalitat Valenciana,pharmacy,"Carrer de MusiCarrer de Jose Mira Pepin, La Romana, Alicante",
A-685-F,Alicante,Santa Pola,Mª José Bonmatí Gómez,"Avinguda de Vicente Blasco IbaÃ±ez, 11, 03130",Avinguda de Vicente Blasco IbaÃ±ez, 11, 03130,Opendata Generalitat Valenciana,pharmacy,"Avinguda de Vicente Blasco IbaÃ±ez, Santa Pola, Alicante",
A-39-F,Alicante,Teulada,Mª Del Pilar Cervero Diez,"Carrer de MÃ‰DICO JOSÃ‰ PITARCH, 6, 03725",Carrer de MÃ‰DICO JOSÃ‰ PITARCH, 6, 03725,Opendata Generalitat Valenciana,pharmacy,"Carrer de MÃ‰DICO JOSÃ‰ PITARCH, Teulada, Alicante",
A-159-F,Alicante,Torrevieja,Jose  Vera Beloqui,"Carrer de Jose Martinez Ruiz 'Azorin', 7, 03181",Carrer de Jose Martinez Ruiz 'Azorin', 7, 03181,Opendata Generalitat Valenciana,pharmacy,"Carrer de Jose Martinez Ruiz 'Azorin', Torrevieja, Alicante",
A-238-F,Alicante,Torrevieja,Rosario Torregrosa Paredes,"Carrer de Vicente Blasco IbaÃ±ez, 17, 03181",Carrer de Vicente Blasco IbaÃ±ez, 17, 03181,Opendata Generalitat Valenciana,pharmacy,"Carrer de Vicente Blasco IbaÃ±ez, Torrevieja, Alicante",
A-561-F,Alicante,Torrevieja,Nestor Pacheco Navarro,"Urbanització ROCIO MAR.VILLAS D.QUIJ. L, 8, 03180",Urbanització ROCIO MAR.VILLAS D.QUIJ. L, 8, 03180,Opendata Generalitat Valenciana,pharmacy,"Urbanització ROCIO MAR.VILLAS D.QUIJ. L, Torrevieja, Alicante",
A-640-F,Alicante,Torrevieja,"Marta Cartagena Perez, Gonzalo Cartagena Perez","Carrer de Guridi -Urbanització la Siesta, S/N, 03184",Carrer de Guridi -Urbanització la Siesta, , 03184,Opendata Generalitat Valenciana,pharmacy,"Carrer de Guridi -Urbanització la Siesta, Torrevieja, Alicante",
A-704-F,Alicante,Torrevieja,Mª Rosario Perez Gutierrez,"Urbanització LOMAS DEL MAR ED. LOMAS PLAYA LOCarrer de 114-115, , 03180",Urbanització LOMAS DEL MAR ED. LOMAS PLAYA LOCarrer de 114-115, , 03180,Opendata Generalitat Valenciana,pharmacy,"Urbanització LOMAS DEL MAR ED. LOMAS PLAYA LOCarrer de 114-115, Torrevieja, Alicante",
A-725-F,Alicante,Torrevieja,Manuel Javier Reyes Crespo,"VILLA DE BARCELONA ESQUINA SAN LUIS, , 03180",VILLA DE BARCELONA ESQUINA SAN LUIS, , 03180,Opendata Generalitat Valenciana,pharmacy,"VILLA DE BARCELONA ESQUINA SAN LUIS, Torrevieja, Alicante",
A-803-F,Alicante,Torrevieja,Sandra  Pelegrin Montesinos,"Carrer de DIANA ESQ. Carrer de TRITON (Carrer de TORREMARINA), LOCAL 16, 03183",Carrer de DIANA ESQ. Carrer de TRITON (Carrer de TORREMARINA), LOCAL 16, 03183,Opendata Generalitat Valenciana,pharmacy,"Carrer de DIANA ESQ. Carrer de TRITON (Carrer de TORREMARINA), Torrevieja, Alicante",
A-817-F,Alicante,Torrevieja,Asuncion Crespo Andres,"Carrer de PUNTA MARINA LOCAL 019-1, , 03185",Carrer de PUNTA MARINA LOCAL 019-1, , 03185,Opendata Generalitat Valenciana,pharmacy,"Carrer de PUNTA MARINA LOCAL 019-1, Torrevieja, Alicante",
A-384-F,Alicante,La Vila Joiosa / Villajoyosa,Inmaculada Segrelles Lloret,"Plaça de PRACTICANTE GASPAR ORTUÃ‘O, 54, 03570",Plaça de PRACTICANTE GASPAR ORTUÃ‘O, 54, 03570,Opendata Generalitat Valenciana,pharmacy,"Plaça de PRACTICANTE GASPAR ORTUÃ‘O, La Vila Joiosa / Villajoyosa, Alicante",
A-151-F,Alicante,Villena,"Javier Gisbert Menor, Angela Catalina Menor Hernandez","PLAZA Beata Agueda Hernandez Amoros, 3, 03400",PLAZA Beata Agueda Hernandez Amoros, 3, 03400,Opendata Generalitat Valenciana,pharmacy,"PLAZA Beata Agueda Hernandez Amoros, Villena, Alicante",
A-747-F,Alicante,Villena,"Maria Torres Albaladejo, Miguel José Arques Garcia","Carrer de COMPOSITOR MAESTRO MANUEL CARRASCOSA, 2, 03400",Carrer de COMPOSITOR MAESTRO MANUEL CARRASCOSA, 2, 03400,Opendata Generalitat Valenciana,pharmacy,"Carrer de COMPOSITOR MAESTRO MANUEL CARRASCOSA, Villena, Alicante",
CS-315-F,Castellon,L’Alcora,Cristobal Tomas Safont,"Carrer de Cami Molino Nuevo, 1, 12110",Carrer de Cami Molino Nuevo, 1, 12110,Opendata Generalitat Valenciana,pharmacy,"Carrer de Cami Molino Nuevo, L’Alcora, Castellon",
CS-5-F,Castellon,L’Alcora,Inmaculada Ripolles Latorre,"Carrer de Los Dolores, 1, 12110",Carrer de Los Dolores, 1, 12110,Opendata Generalitat Valenciana,pharmacy,"Carrer de Los Dolores, L’Alcora, Castellon",
CS-6-F,Castellon,L’Alcora,Roser Sanz Gil,"Carrer de Fosch, 1, 12110",Carrer de Fosch, 1, 12110,Opendata Generalitat Valenciana,pharmacy,"Carrer de Fosch, L’Alcora, Castellon",
CS-317-F,Castellon,Almassora,Berta Maria Mallol Escura,"Carrer de Jesus y Maria, 143, 12550",Carrer de Jesus y Maria, 143, 12550,Opendata Generalitat Valenciana,pharmacy,"Carrer de Jesus y Maria, Almassora, Castellon",
CS-220-F,Castellon,Almedijar,Luis Ballester Cortes,"Carrer de Carboneras, 3, 12413",Carrer de Carboneras, 3, 12413,Opendata Generalitat Valenciana,pharmacy,"Carrer de Carboneras, Almedijar, Castellon",
CS-273-F,Castellon,Arañuel,Vicente Marti Taus,"Avinguda de Venta Laurel, 30, 12232",Avinguda de Venta Laurel, 30, 12232,Opendata Generalitat Valenciana,pharmacy,"Avinguda de Venta Laurel, Arañuel, Castellon",
CS-225-F,Castellon,Barracas,Ramon Gimeno Royo,"Carretera de Sagunto-Burgos, KM 60'5, 12420",Carretera de Sagunto-Burgos, KM 60'5, 12420,Opendata Generalitat Valenciana,pharmacy,"Carretera de Sagunto-Burgos, Barracas, Castellon",
CS-205-F,Castellon,Bejís,Catalina Blat Marin,"Carrer de Carretera Estacion, 53, 12430",Carrer de Carretera Estacion, 53, 12430,Opendata Generalitat Valenciana,pharmacy,"Carrer de Carretera Estacion, Bejís, Castellon",
CS-133-F,Castellon,Borriana/Burriana,"Javier Muñoz Melchor, Lucia Muñoz Rios","Avinguda de Cami dÂ´Onda, 41, 12530",Avinguda de Cami dÂ´Onda, 41, 12530,Opendata Generalitat Valenciana,pharmacy,"Avinguda de Cami dÂ´Onda, Borriana/Burriana, Castellon",
CS-31-F,Castellon,Canet Lo Roig,Maria Rosa Farres Redons,"Carrer de Falco i Blanco, 13, 12350",Carrer de Falco i Blanco, 13, 12350,Opendata Generalitat Valenciana,pharmacy,"Carrer de Falco i Blanco, Canet Lo Roig, Castellon",
CS-50-F,Castellon,Castelló De La Plana,Amparo Gras Llopis,"Avinguda de DR. CLARA, 5, 12002",Avinguda de DR. CLARA, 5, 12002,Opendata Generalitat Valenciana,pharmacy,"Avinguda de DR. CLARA, Castelló De La Plana, Castellon",
CS-192-F,Castellon,Caudiel,Mercedes Teruel Briones,"Avinguda de MONTAN, 16, 12440",Avinguda de MONTAN, 16, 12440,Opendata Generalitat Valenciana,pharmacy,"Avinguda de MONTAN, Caudiel, Castellon",
CS-249-F,Castellon,Cortes De Arenoso,Pablo Aparici Llorens,"Carrer de Capellania, 1, 12126",Carrer de Capellania, 1, 12126,Opendata Generalitat Valenciana,pharmacy,"Carrer de Capellania, Cortes De Arenoso, Castellon",
CS-231-F,Castellon,Fanzara,Silvia Pons Cercos,"Carrer de CALVO SOTELO, 11, 12230",Carrer de CALVO SOTELO, 11, 12230,Opendata Generalitat Valenciana,pharmacy,"Carrer de CALVO SOTELO, Fanzara, Castellon",
CS-262-F,Castellon,La Mata,Encarna Marti Ulldemolins,"Carretera de FORCALL PTE VALLES, , 12312",Carretera de FORCALL PTE VALLES, , 12312,Opendata Generalitat Valenciana,pharmacy,"Carretera de FORCALL PTE VALLES, La Mata, Castellon",
CS-79-F,Castellon,Montán,Miguel Barona Collado,"Avinguda de Antonio Fornas, 35, 12447",Avinguda de Antonio Fornas, 35, 12447,Opendata Generalitat Valenciana,pharmacy,"Avinguda de Antonio Fornas, Montán, Castellon",
CS-312-F,Castellon,Onda,Teresa Badenes Escrig,"Carrer de Doctor Gomez Ferrer, 2, 12200",Carrer de Doctor Gomez Ferrer, 2, 12200,Opendata Generalitat Valenciana,pharmacy,"Carrer de Doctor Gomez Ferrer, Onda, Castellon",
CS-320-F,Castellon,Onda,Veronica Hernandez Agramunt,"Avinguda de Montendre, 46, 12200",Avinguda de Montendre, 46, 12200,Opendata Generalitat Valenciana,pharmacy,"Avinguda de Montendre, Onda, Castellon",
CS-250-F,Castellon,Peníscola/Peñiscola,María José Sales Escrig,"Avinguda de PAPA LUNA.BLOQUE G. LOCarrer de C, 4, 12598",Avinguda de PAPA LUNA.BLOQUE G. LOCarrer de C, 4, 12598,Opendata Generalitat Valenciana,pharmacy,"Avinguda de PAPA LUNA.BLOQUE G. LOCarrer de C, Peníscola/Peñiscola, Castellon",
CS-256-F,Castellon,Peníscola/Peñiscola,Yolanda Castell Ferreres,"Urbanització PeÃ±ismar I, 6, 12598",Urbanització PeÃ±ismar I, 6, 12598,Opendata Generalitat Valenciana,pharmacy,"Urbanització PeÃ±ismar I, Peníscola/Peñiscola, Castellon",
CS-236-F,Castellon,Portell De Morella,Javier Jordan Moros,"Carrer de Nueva, 1, 12318",Carrer de Nueva, 1, 12318,Opendata Generalitat Valenciana,pharmacy,"Carrer de Nueva, Portell De Morella, Castellon",
CS-96-F,Castellon,Vall D’Alba,Marta Fabregat Climent,"Avinguda de LOS PASILLOS, 6, 12194",Avinguda de LOS PASILLOS, 6, 12194,Opendata Generalitat Valenciana,pharmacy,"Avinguda de LOS PASILLOS, Vall D’Alba, Castellon",
CS-237-F,Castellon,Vall Ce Almonacid,Mª Estela Sorni Piñon,"Avinguda de Hermanos Perez Rodriguez, 4, 12414",Avinguda de Hermanos Perez Rodriguez, 4, 12414,Opendata Generalitat Valenciana,pharmacy,"Avinguda de Hermanos Perez Rodriguez, Vall Ce Almonacid, Castellon",
CS-100-F,Castellon,La Vall D’Uixó,Vicente Nebot Palmer,"Carrer de PADRE MELIA, 12, 12600",Carrer de PADRE MELIA, 12, 12600,Opendata Generalitat Valenciana,pharmacy,"Carrer de PADRE MELIA, La Vall D’Uixó, Castellon",
CS-151-F,Castellon,La Vall D’Uixó,"Victor Diago Segarra, Amparo Segarra Garcia","Avinguda de Suroeste, 66, 12600",Avinguda de Suroeste, 66, 12600,Opendata Generalitat Valenciana,pharmacy,"Avinguda de Suroeste, La Vall D’Uixó, Castellon",
CS-300-F,Castellon,La Vall D’Uixó,Alicia Saera Monfort,"Carrer de Doctor Severo Ochoa, 31, 12600",Carrer de Doctor Severo Ochoa, 31, 12600,Opendata Generalitat Valenciana,pharmacy,"Carrer de Doctor Severo Ochoa, La Vall D’Uixó, Castellon",
CS-97-F,Castellon,La Vall D’Uixó,Gloria Aparici Sancarlos,"Carrer de Garcia Esbri, 67, 12600",Carrer de Garcia Esbri, 67, 12600,Opendata Generalitat Valenciana,pharmacy,"Carrer de Garcia Esbri, La Vall D’Uixó, Castellon",
CS-160-F,Castellon,Vinaròs,Manuel Adell Alegre,"PABLO PICASO ESQINA PIO XII, , 12500",PABLO PICASO ESQINA PIO XII, , 12500,Opendata Generalitat Valenciana,pharmacy,"PABLO PICASO ESQINA PIO XII, Vinaròs, Castellon",
CS-213-F,Castellon,Vistabella Del Maestrat,Vicente Eixeres Cherta,"ARRAL Nuestra SeÃ±ora Loreto, 27, 12135",ARRAL Nuestra SeÃ±ora Loreto, 27, 12135,Opendata Generalitat Valenciana,pharmacy,"ARRAL Nuestra SeÃ±ora Loreto, Vistabella Del Maestrat, Castellon",
CS-282-F,Castellon,Zorita Del Maestrazgo,Eva Forcadell Ayza,"Carrer de La Plaza, 12, 12311",Carrer de La Plaza, 12, 12311,Opendata Generalitat Valenciana,pharmacy,"Carrer de La Plaza, Zorita Del Maestrazgo, Castellon",
V-573-F,Valencia,Alcàntera De Xúquer,Maria Jose Fuentes Martinez,"Carrer de PirotecniCarrer de Lluis Brunchu, 24, 46293",Carrer de PirotecniCarrer de Lluis Brunchu, 24, 46293,Opendata Generalitat Valenciana,pharmacy,"Carrer de PirotecniCarrer de Lluis Brunchu, Alcàntera De Xúquer, Valencia",
V-978-F,Valencia,L’Alcúdia,Elvira Benedito Fortea,"Avinguda de Antonio Almela, 72, 46250",Avinguda de Antonio Almela, 72, 46250,Opendata Generalitat Valenciana,pharmacy,"Avinguda de Antonio Almela, L’Alcúdia, Valencia",
V-1298-F,Valencia,Aldaia,José Antonio Dominguez Román,"Carrer de Doctor MaraÃ±on, 4, 46960",Carrer de Doctor MaraÃ±on, 4, 46960,Opendata Generalitat Valenciana,pharmacy,"Carrer de Doctor MaraÃ±on, Aldaia, Valencia",
V-625-F,Valencia,Aldaia,Maria Jesus Navarro Torres,"Avinguda de Vicente Blasco IbaÃ±ez, 5, 46960",Avinguda de Vicente Blasco IbaÃ±ez, 5, 46960,Opendata Generalitat Valenciana,pharmacy,"Avinguda de Vicente Blasco IbaÃ±ez, Aldaia, Valencia",
V-894-F,Valencia,Alfarrasí,Fernando Ballester Salvador,"Carrer de Marti Flores, 41, 46893",Carrer de Marti Flores, 41, 46893,Opendata Generalitat Valenciana,pharmacy,"Carrer de Marti Flores, Alfarrasí, Valencia",
V-538-F,Valencia,Algemesí,"Montserrat Perez Pino, Montserrat Perez Pino","Carrer de AcademiCarrer de Segura, 15, 46680",Carrer de AcademiCarrer de Segura, 15, 46680,Opendata Generalitat Valenciana,pharmacy,"Carrer de AcademiCarrer de Segura, Algemesí, Valencia",
V-1114-F,Valencia,Andilla,Raquel Nieto Biot,"Carrer de Casas Nuevas, 29, 46170",Carrer de Casas Nuevas, 29, 46170,Opendata Generalitat Valenciana,pharmacy,"Carrer de Casas Nuevas, Andilla, Valencia",
V-1005-F,Valencia,Beneixida,Maria Loreto Millo Gonzalez,"PLAZA PASSEIG DÂ´EUGENI BURRIEL, 4, 46293",PLAZA PASSEIG DÂ´EUGENI BURRIEL, 4, 46293,Opendata Generalitat Valenciana,pharmacy,"PLAZA PASSEIG DÂ´EUGENI BURRIEL, Beneixida, Valencia",
V-1153-F,Valencia,Bétera,Laura Pavia Estrella,"Carretera de PATERNA S/N LOCarrer de 9-10 Urbanització MAS CAMA, , 46117",Carretera de PATERNA S/N LOCarrer de 9-10 Urbanització MAS CAMA, , 46117,Opendata Generalitat Valenciana,pharmacy,"Carretera de PATERNA S/N LOCarrer de 9-10 Urbanització MAS CAMA, Bétera, Valencia",
V-1215-F,Valencia,Burjassot,Josep Manuel Barea Gimeno,"Carrer de Maestro Arturo Padilla, 36, 46100",Carrer de Maestro Arturo Padilla, 36, 46100,Opendata Generalitat Valenciana,pharmacy,"Carrer de Maestro Arturo Padilla, Burjassot, Valencia",
V-1035-F,Valencia,Canals,Juan Pedro Alcazar Navarro,"Carrer de Nou dÂ´Octubre, 2, 46650",Carrer de Nou dÂ´Octubre, 2, 46650,Opendata Generalitat Valenciana,pharmacy,"Carrer de Nou dÂ´Octubre, Canals, Valencia",
V-1239-F,Valencia,Canals,Enrique Pepiol Salom,"Carrer de Raimundo de P Sarrio, 3, 46650",Carrer de Raimundo de P Sarrio, 3, 46650,Opendata Generalitat Valenciana,pharmacy,"Carrer de Raimundo de P Sarrio, Canals, Valencia",
V-543-F,Valencia,Càrcer,Antonio Francisco Peydro Perucho,"Carrer de Alcalde Don Laureano SuÃ±er Carbonell, 2, 46294",Carrer de Alcalde Don Laureano SuÃ±er Carbonell, 2, 46294,Opendata Generalitat Valenciana,pharmacy,"Carrer de Alcalde Don Laureano SuÃ±er Carbonell, Càrcer, Valencia",
V-936-F,Valencia,Carlet,Cristina Miragall Penalba,"Cantó dels carrers del Rotllet i Bonaire, 46240",Cantó dels carrers del Rotllet i Bonaire, 46240,,Opendata Generalitat Valenciana,pharmacy,"Cantó dels carrers del Rotllet i Bonaire, Carlet, Valencia",
V-1087-F,Valencia,Chiva,Francisco Anchel Balaguer,"Avinguda de Buenos Aires Calicanto, 301, 46370",Avinguda de Buenos Aires Calicanto, 301, 46370,Opendata Generalitat Valenciana,pharmacy,"Avinguda de Buenos Aires Calicanto, Chiva, Valencia",
V-613-F,Valencia,Cullera,Macarena Peiro Alfonso,"Carrer de 25 DÂ´ABRIL, 64, 46400",Carrer de 25 DÂ´ABRIL, 64, 46400,Opendata Generalitat Valenciana,pharmacy,"Carrer de 25 DÂ´ABRIL, Cullera, Valencia",
V-980-F,Valencia,Cullera,Margarita Gonzalez Enriquez,"Carretera de DEL FARO. EDIF.FLORAZAR, 1, 46400",Carretera de DEL FARO. EDIF.FLORAZAR, 1, 46400,Opendata Generalitat Valenciana,pharmacy,"Carretera de DEL FARO. EDIF.FLORAZAR, Cullera, Valencia",
V-1192-F,Valencia,L’Eliana,Maria Esther Jimenez Alcañiz,"Avinguda de Puebla de Vallbona, 10, 46183",Avinguda de Puebla de Vallbona, 10, 46183,Opendata Generalitat Valenciana,pharmacy,"Avinguda de Puebla de Vallbona, L’Eliana, Valencia",
V-402-F,Valencia,La Font D’En Carròs,"Maria Amparo Galiano Colecha, Victoria Galiano Colecha","PLAÇA Francisco Carros, 8, 46717",PLAÇA Francisco Carros, 8, 46717,Opendata Generalitat Valenciana,pharmacy,"PLAÇA Francisco Carros, La Font D’En Carròs, Valencia",
V-521-F,Valencia,Gandia,Isabel Borras Margarit,"Carrer de Nou dÂ´Octubre, 56, 46702",Carrer de Nou dÂ´Octubre, 56, 46702,Opendata Generalitat Valenciana,pharmacy,"Carrer de Nou dÂ´Octubre, Gandia, Valencia",
V-662-F,Valencia,Llanera De Ranes,Miguel Angel Garcia-Chamon Cervera,"Carretera de Madrid (de), 25, 46814",Carretera de Madrid (de), 25, 46814,Opendata Generalitat Valenciana,pharmacy,"Carretera de Madrid (de), Llanera De Ranes, Valencia",
V-498-F,Valencia,Llíria,Pilar Daries Coll,"PLAÇA Nou dÂ´Octubre, 3, 46160",PLAÇA Nou dÂ´Octubre, 3, 46160,Opendata Generalitat Valenciana,pharmacy,"PLAÇA Nou dÂ´Octubre, Llíria, Valencia",
V-874-F,Valencia,Llíria,"Victor Prestamo Faubel, Severino Prestamo Faubel","Carrer de PLA DE LÂ´ARCarrer de (DEL), 17, 46160",Carrer de PLA DE LÂ´ARCarrer de (DEL), 17, 46160,Opendata Generalitat Valenciana,pharmacy,"Carrer de PLA DE LÂ´ARCarrer de (DEL), Llíria, Valencia",
V-1020-F,Valencia,Llocnou D'En Fenollet,Antonio Olmos Ribes,"Carrer de Jaime I, 1, 46668",Carrer de Jaime I, 1, 46668,Opendata Generalitat Valenciana,pharmacy,"Carrer de Jaime I, Llocnou D'En Fenollet, Valencia",
V-996-F,Valencia,Losa Del Obispo,Mª Angeles Ballestero Nicolau,"Carrer de Maestro Don Jose MuÃ±oz March (del), 3, 46173",Carrer de Maestro Don Jose MuÃ±oz March (del), 3, 46173,Opendata Generalitat Valenciana,pharmacy,"Carrer de Maestro Don Jose MuÃ±oz March (del), Losa Del Obispo, Valencia",
V-1130-F,Valencia,Manises,Julia Rodriguez-Moldes Rodrigo,". LOCAL PLANTA ALTA AEROPUERTO, S/N, 46940",. LOCAL PLANTA ALTA AEROPUERTO, , 46940,Opendata Generalitat Valenciana,pharmacy,". LOCAL PLANTA ALTA AEROPUERTO, Manises, Valencia",
V-1078-F,Valencia,Massanassa,Vicente Boix Ferrandis,"Carrer de 9 dÂ´Octubre, 33, 46470",Carrer de 9 dÂ´Octubre, 33, 46470,Opendata Generalitat Valenciana,pharmacy,"Carrer de 9 dÂ´Octubre, Massanassa, Valencia",
V-313-F,Valencia,Massanassa,Cristina Abril Ramirez De Arellano,"Avinguda de Blasco IbaÃ±ez, 80, 46470",Avinguda de Blasco IbaÃ±ez, 80, 46470,Opendata Generalitat Valenciana,pharmacy,"Avinguda de Blasco IbaÃ±ez, Massanassa, Valencia",
V-1223-F,Valencia,Mislata,Vicente J. Baixauli Fernandez,"Carrer de Camino Viejo de Xirivella, 24, 46920",Carrer de Camino Viejo de Xirivella, 24, 46920,Opendata Generalitat Valenciana,pharmacy,"Carrer de Camino Viejo de Xirivella, Mislata, Valencia",
V-424-F,Valencia,Mislata,Isabel Ferrandiz Ferragud,"Avinguda de Vicente Blasco IbaÃ±ez, 16, 46920",Avinguda de Vicente Blasco IbaÃ±ez, 16, 46920,Opendata Generalitat Valenciana,pharmacy,"Avinguda de Vicente Blasco IbaÃ±ez, Mislata, Valencia",
V-319-F,Valencia,Moncada,Susana Alcañiz Ciscar,"Carrer de 25 dÂ´Abril, 9, 46113",Carrer de 25 dÂ´Abril, 9, 46113,Opendata Generalitat Valenciana,pharmacy,"Carrer de 25 dÂ´Abril, Moncada, Valencia",
V-989-F,Valencia,Montitxelvo/Montichelvo,Mª Jose Mahiques Mahiques,"Avinguda de Constitucion (de la), 6, 46842",Avinguda de Constitucion (de la), 6, 46842,Opendata Generalitat Valenciana,pharmacy,"Avinguda de Constitucion (de la), Montitxelvo/Montichelvo, Valencia",
V-1011-F,Valencia,Novetlè / Novelé,Maria Lourdes Piqueres Vidal,"Avinguda de Pintor Ramon Simarro Oltra, S/N, 46800",Avinguda de Pintor Ramon Simarro Oltra, , 46800,Opendata Generalitat Valenciana,pharmacy,"Avinguda de Pintor Ramon Simarro Oltra, Novetlè / Novelé, Valencia",
V-1075-F,Valencia,Oliva,"Amparo Peiro Faus, Maria Teresa Sendra Llido","Carrer de Roger de Lauria Almirante, 16, 46780",Carrer de Roger de Lauria Almirante, 16, 46780,Opendata Generalitat Valenciana,pharmacy,"Carrer de Roger de Lauria Almirante, Oliva, Valencia",
V-1255-F,Valencia,Oliva,Amalia Gimeno Roig,"COMPLEJO COMERCIAL OLIVA NOVA, SECTOR II, MANZANA F, LOCarrer de 10-11, 46780",COMPLEJO COMERCIAL OLIVA NOVA, SECTOR II," MANZANA F, LOCarrer de 10-11, 46780",Opendata Generalitat Valenciana,pharmacy,"COMPLEJO COMERCIAL OLIVA NOVA, Oliva, Valencia",
V-1204-F,Valencia,Ontinyent,Margarita Quilis Soriano,"Avinguda de DÂ´Almansa, 16, 46870",Avinguda de DÂ´Almansa, 16, 46870,Opendata Generalitat Valenciana,pharmacy,"Avinguda de DÂ´Almansa, Ontinyent, Valencia",
V-1226-F,Valencia,Ontinyent,Jose Iborra Bou,"Polígon de Del Pintor Carlets, 8, 46870",Polígon de Del Pintor Carlets, 8, 46870,Opendata Generalitat Valenciana,pharmacy,"Polígon de Del Pintor Carlets, Ontinyent, Valencia",
V-374-F,Valencia,Ontinyent,Maria Torro Martinez,"Carrer de Del MusiCarrer de Martinez Valls, 1, 46870",Carrer de Del MusiCarrer de Martinez Valls, 1, 46870,Opendata Generalitat Valenciana,pharmacy,"Carrer de Del MusiCarrer de Martinez Valls, Ontinyent, Valencia",
V-654-F,Valencia,Paterna,"Jaime Sieres Sala, Janine Vives Sieres","Avinguda de Blasco IbaÃ±ez, 45, 46980",Avinguda de Blasco IbaÃ±ez, 45, 46980,Opendata Generalitat Valenciana,pharmacy,"Avinguda de Blasco IbaÃ±ez, Paterna, Valencia",
V-1071-F,Valencia,El Puig De Santa Maria,Marcelo Monzonis Guia,"Polígon de Maritim.-Puig Val-Benlliure I, S/N, 46540",Polígon de Maritim.-Puig Val-Benlliure I, , 46540,Opendata Generalitat Valenciana,pharmacy,"Polígon de Maritim.-Puig Val-Benlliure I, El Puig De Santa Maria, Valencia",
V-1173-F,Valencia,Quart De Poblet,Miguel Espinos Muedra,"Carrer de Lluis Vives, 7, 46930",Carrer de Lluis Vives, 7, 46930,Opendata Generalitat Valenciana,pharmacy,"Carrer de Lluis Vives, Quart De Poblet, Valencia",
V-534-F,Valencia,Quart De Poblet,"Elena Tramoyeres Rovira, Maria Carmen Tramoyeres Rovira","Avinguda de Juan Ramon Jimenez, 20, 46930",Avinguda de Juan Ramon Jimenez, 20, 46930,Opendata Generalitat Valenciana,pharmacy,"Avinguda de Juan Ramon Jimenez, Quart De Poblet, Valencia",
V-427-F,Valencia,Quatretonda,Jose L. Oltra Ferrero Y Maria,"Carrer de Doctor Climent Pastor, 1, 46837",Carrer de Doctor Climent Pastor, 1, 46837,Opendata Generalitat Valenciana,pharmacy,"Carrer de Doctor Climent Pastor, Quatretonda, Valencia",
V-417-F,Valencia,El Real De Gandia,Cayetano Garcia-Gorrita Diaz,"Carrer de Travessera dÂ´Albaida, 75, 46727",Carrer de Travessera dÂ´Albaida, 75, 46727,Opendata Generalitat Valenciana,pharmacy,"Carrer de Travessera dÂ´Albaida, El Real De Gandia, Valencia",
V-1095-F,Valencia,Rugat,Leonor Cuquerella Cuquerella,"Carrer de EnriCarrer de Valor, 10, 46842",Carrer de EnriCarrer de Valor, 10, 46842,Opendata Generalitat Valenciana,pharmacy,"Carrer de EnriCarrer de Valor, Rugat, Valencia",
V-1155-F,Valencia,Serra,Maria Dolores Ibañez Alpuente,"Urbanització TORRES DE PORTA COELI, LOCAL 8, , 46118",Urbanització TORRES DE PORTA COELI, LOCAL 8," , 46118",Opendata Generalitat Valenciana,pharmacy,"Urbanització TORRES DE PORTA COELI, Serra, Valencia",
V-1103-F,Valencia,Sueca,Maria Jose Benedito Fortea,"Urbanització M.BLAUrbanització ED.ALBATROS. P.B., 3, 46419",Urbanització M.BLAUrbanització ED.ALBATROS. P.B., 3, 46419,Opendata Generalitat Valenciana,pharmacy,"Urbanització M.BLAUrbanització ED.ALBATROS. P.B., Sueca, Valencia",
V-545-F,Valencia,Torrebaja,Joaquin Villanueva Hernandez,"Carrer de Carretera de Teruel, 12, 46143",Carrer de Carretera de Teruel, 12, 46143,Opendata Generalitat Valenciana,pharmacy,"Carrer de Carretera de Teruel, Torrebaja, Valencia",
V-1117-F,Valencia,Torrella,Antonio Jose Perez Soto,"Carrer de Mossen Ricardo Climent, 6, 46814",Carrer de Mossen Ricardo Climent, 6, 46814,Opendata Generalitat Valenciana,pharmacy,"Carrer de Mossen Ricardo Climent, Torrella, Valencia",
V-766-F,Valencia,Tous,Teodoro Zornoza Ortega,"Carrer de LEOPOLDO CALVO SOTELO, 16, 46269",Carrer de LEOPOLDO CALVO SOTELO, 16, 46269,Opendata Generalitat Valenciana,pharmacy,"Carrer de LEOPOLDO CALVO SOTELO, Tous, Valencia",
V-180-F,Valencia,València,Monica Romero Martin,"Carrer de Luis BuÃ±uel (Director de Cine), 3, 46015",Carrer de Luis BuÃ±uel (Director de Cine), 3, 46015,Opendata Generalitat Valenciana,pharmacy,"Carrer de Luis BuÃ±uel (Director de Cine), València, Valencia",
V-216-F,Valencia,València,Maria Rosario Vidal Blasco,"Carrer de Luis Garcia-Berlanga Marti (Director Cinema), 5B, 46023",Carrer de Luis Garcia-Berlanga Marti (Director Cinema), 5B, 46023,Opendata Generalitat Valenciana,pharmacy,"Carrer de Luis Garcia-Berlanga Marti (Director Cinema), València, Valencia",
V-829-F,Valencia,València,"Jose Miguel Cavero Rausell, Ana Roda Segrelles","Avinguda de Professor Lopez PiÃ±ero (Historiador de la Medicina, 16, 46013",Avinguda de Professor Lopez PiÃ±ero (Historiador de la Medicina, 16, 46013,Opendata Generalitat Valenciana,pharmacy,"Avinguda de Professor Lopez PiÃ±ero (Historiador de la Medicina, València, Valencia",
V-550-F,Valencia,Xàtiva,Angel Bruno Dominguez Barbera,"Avinguda de Alameda Jaume I, 32, 46800",Avinguda de Alameda Jaume I, 32, 46800,Opendata Generalitat Valenciana,pharmacy,"Avinguda de Alameda Jaume I, Xàtiva, Valencia",
V-485-F,Valencia,Xeresa,Joaquin Vicente Loras Lovaco,"Carrer de Dr Miguel Vivo, 34, 46790",Carrer de Dr Miguel Vivo, 34, 46790,Opendata Generalitat Valenciana,pharmacy,"Carrer de Dr Miguel Vivo, Xeresa, Valencia",
V-1246-F,Valencia,Xirivella,Rafael Navarro Sanchez,"PLAZA Doctor Gerardo Garces, 10, 46950",PLAZA Doctor Gerardo Garces, 10, 46950,Opendata Generalitat Valenciana,pharmacy,"PLAZA Doctor Gerardo Garces, Xirivella, Valencia",
